Designator,Mid X,Mid Y,Rotation,Layer
C10,152.2,-135.27,270.0,top
C100,133.6,-70.84,180.0,bottom
C101,143.76,-70.79,270.0,top
C102,141.57,-73.12,0.0,bottom
C103,141.405,-66.94,90.0,bottom
C104,141.075,-69.45,90.0,bottom
C105,143.3,-67.04,90.0,top
C106,138.07,-72.77,180.0,bottom
C107,134.86,-68.0,90.0,bottom
C108,134.577826,-64.4,270.0,bottom
C109,138.85,-63.475,0.0,bottom
C11,140.15,-135.2,270.0,top
C110,146.85,-84.2,180.0,bottom
C111,138.64,-77.16,270.0,top
C112,138.625,-134.8,270.0,bottom
C113,142.7,-115.4,180.0,bottom
C114,142.695,-114.475,180.0,bottom
C115,142.85,-113.895,0.0,top
C116,142.85,-112.97,0.0,top
C117,142.5,-110.92,270.0,top
C118,147.05,-94.545,270.0,bottom
C119,143.425,-110.92,270.0,top
C12,141.075,-135.2,270.0,top
C120,143.05,-119.1,90.0,bottom
C121,144.55,-117.65,0.0,bottom
C122,154.225,-119.825,90.0,top
C123,148.725,-119.8,90.0,top
C124,142.5,-88.11,180.0,bottom
C125,139.4,-89.1,180.0,bottom
C126,138.69,-74.595,90.0,bottom
C127,137.59,-74.49,90.0,bottom
C128,135.83,-73.05,180.0,bottom
C129,133.95,-83.88,270.0,bottom
C13,150.0,-75.75,180.0,bottom
C130,135.85,-83.88,180.0,bottom
C131,135.4,-85.78,180.0,bottom
C132,136.3,-88.3,0.0,bottom
C133,135.2,-92.45,0.0,bottom
C134,140.0,-95.025,270.0,bottom
C135,139.275,-92.8,0.0,bottom
C136,136.375,-90.075,180.0,bottom
C137,135.73,-95.1,0.0,bottom
C138,140.25,-97.1,0.0,bottom
C139,136.25,-84.54,180.0,top
C14,142.695,-117.25,180.0,bottom
C140,139.85,-111.7,270.0,bottom
C141,140.57,-98.995,90.0,bottom
C142,135.05,-97.475,180.0,bottom
C143,137.275,-101.8,180.0,bottom
C144,140.25,-100.9,180.0,bottom
C145,136.25,-98.8,180.0,bottom
C146,135.55,-95.9,180.0,bottom
C147,153.15,-125.05,90.0,top
C148,146.4,-100.85,270.0,bottom
C149,152.25,-108.85,0.0,bottom
C15,152.925,-134.695,90.0,bottom
C150,144.7,-102.9,180.0,bottom
C151,143.25,-92.875,180.0,bottom
C152,151.8,-85.7,180.0,bottom
C153,150.18,-92.41,180.0,bottom
C154,151.65,-95.1,180.0,bottom
C155,153.275,-91.15,180.0,bottom
C156,149.15,-87.9,180.0,bottom
C157,152.225,-86.8,180.0,bottom
C158,153.51,-98.0,90.0,bottom
C159,152.35,-102.6,0.0,bottom
C16,142.7,-116.325,180.0,bottom
C160,153.25,-104.7,0.0,bottom
C161,152.0,-98.41,270.0,bottom
C162,153.25,-105.8,0.0,bottom
C163,150.475,-102.02,270.0,bottom
C164,153.25,-101.1,180.0,bottom
C165,136.35,-109.7,0.0,bottom
C166,135.05,-107.35,180.0,bottom
C167,138.1,-106.3,180.0,bottom
C168,137.28,-108.1,0.0,bottom
C169,140.3,-105.9,0.0,bottom
C17,148.45,-101.0,270.0,bottom
C170,141.25,-105.2,180.0,bottom
C171,134.305,-104.1,180.0,bottom
C172,146.85,-82.15,0.0,bottom
C173,149.15,-125.05,270.0,top
C18,147.05,-99.0,270.0,bottom
C19,147.05,-96.975,270.0,bottom
C2,150.2,-134.695,90.0,bottom
C20,145.46,-92.89,180.0,bottom
C21,145.9,-95.675,270.0,bottom
C22,145.9,-98.65,90.0,bottom
C23,148.6,-98.8,270.0,bottom
C24,143.75,-111.55,90.0,bottom
C25,144.57,-101.05,180.0,bottom
C26,150.48,-99.0,270.0,bottom
C27,142.05,-99.625,270.0,bottom
C28,143.43,-105.0,180.0,bottom
C29,142.2,-101.78,270.0,bottom
C3,142.275,-135.25,270.0,top
C30,142.15,-95.2,90.0,bottom
C31,143.12,-97.0,90.0,bottom
C32,141.825,-103.5,0.0,bottom
C33,142.045,-97.4,90.0,bottom
C34,138.025,-103.9,0.0,bottom
C35,145.45,-104.6,90.0,bottom
C36,146.75,-101.9,0.0,bottom
C37,148.75,-105.0,270.0,bottom
C38,143.05,-107.0,90.0,bottom
C39,151.4,-106.6,270.0,bottom
C4,143.2,-135.25,270.0,top
C40,141.95,-107.05,90.0,bottom
C41,143.4,-124.675,90.0,bottom
C42,140.625,-127.975,0.0,bottom
C43,141.075,-122.95,0.0,bottom
C44,138.4,-127.15,90.0,bottom
C45,146.8,-122.3,270.0,top
C46,139.075,-122.995,90.0,bottom
C47,144.05,-99.475,90.0,bottom
C48,136.615,-123.8,0.0,top
C49,134.21,-124.485,270.0,top
C5,145.3,-135.27,270.0,top
C50,143.875,-126.85,0.0,bottom
C51,146.93,-129.03,90.0,top
C52,136.75,-128.39,0.0,bottom
C53,134.5,-129.185,90.0,top
C54,141.5,-101.595,270.0,bottom
C56,146.55,-108.6,270.0,bottom
C57,146.85,-83.175,180.0,bottom
C58,149.45,-73.7,90.0,bottom
C59,150.45,-80.75,180.0,bottom
C6,146.23,-135.27,270.0,top
C60,146.15,-75.45,90.0,bottom
C61,141.6,-80.25,90.0,bottom
C62,152.3,-80.75,180.0,bottom
C63,146.825,-79.925,180.0,bottom
C64,151.4,-74.4,180.0,bottom
C65,153.22,-74.4,180.0,bottom
C66,139.725,-132.825,90.0,bottom
C67,138.625,-133.4,90.0,bottom
C68,133.925,-134.3,270.0,bottom
C69,135.025,-133.4,270.0,bottom
C7,148.3,-135.27,270.0,top
C70,135.65,-135.23,180.0,top
C71,135.025,-134.88,270.0,bottom
C72,133.8,-133.0,90.0,top
C73,148.15,-75.1,0.0,bottom
C74,143.8,-74.7,270.0,bottom
C75,146.53,-72.42,0.0,bottom
C76,142.125,-82.15,180.0,bottom
C77,143.975,-82.15,180.0,bottom
C78,148.7,-80.75,270.0,bottom
C79,145.17,-73.61,180.0,bottom
C8,149.225,-135.27,270.0,top
C80,140.06,-75.09,90.0,bottom
C81,144.05,-79.95,180.0,bottom
C82,145.44,-81.15,90.0,bottom
C83,141.93,-74.95,0.0,bottom
C84,147.04,-73.61,0.0,bottom
C85,152.25,-72.79,180.0,bottom
C86,143.54,-83.52,270.0,bottom
C87,146.3,-69.55,270.0,bottom
C88,134.4,-101.05,270.0,bottom
C89,139.45,-90.25,180.0,bottom
C9,151.275,-135.27,270.0,top
C90,143.25,-89.625,180.0,bottom
C91,146.25,-88.9,180.0,bottom
C92,139.9,-92.1,180.0,bottom
C93,136.845,-63.4,180.0,bottom
C94,133.54,-68.99,270.0,bottom
C95,135.07,-71.91,180.0,bottom
C96,143.225,-73.25,0.0,bottom
C97,143.25,-68.075,180.0,bottom
C98,133.6,-72.85,270.0,bottom
C99,134.575,-65.85,90.0,bottom
D1,148.8125,-132.55,0.0,top
D2,134.9,-61.31,180.0,top
D3,144.5,-119.75,270.0,bottom
D4,151.7875,-132.55,180.0,top
D5,134.2375,-118.5,0.0,top
D6,134.2375,-119.99,0.0,top
D7,134.2375,-121.45,0.0,top
FB1,146.65,-105.35,90.0,bottom
J1,143.75,-98.875,0.0,top
J2,151.191075,-67.015,0.0,bottom
J4,150.82,-67.015,90.0,top
J5,136.05,-114.07,180.0,top
J7,152.24,-114.48,90.0,top
L1,143.35,-120.125,0.0,top
L2,138.03,-120.13,180.0,top
L3,138.03,-130.95,180.0,top
L4,143.43,-130.995,0.0,top
L5,151.85,-128.8,180.0,top
L6,135.2,-80.8,270.0,bottom
R1,150.4,-105.3,270.0,bottom
R10,144.7,-124.3,180.0,top
R11,136.595,-126.895,0.0,top
R12,136.44,-125.85,0.0,top
R13,145.15,-125.7,270.0,top
R14,141.2,-94.51,270.0,bottom
R16,148.5,-73.7,90.0,bottom
R17,144.925,-83.175,180.0,bottom
R18,144.925,-84.2,180.0,bottom
R19,140.05,-73.25,270.0,bottom
R2,143.8,-91.45,180.0,bottom
R20,138.63,-73.43,90.0,top
R21,138.63,-75.3,270.0,top
R23,148.3,-82.625,270.0,bottom
R24,146.86,-127.65,180.0,bottom
R25,142.75,-134.8,0.0,bottom
R26,142.75,-135.75,0.0,bottom
R27,138.15,-91.75,0.0,bottom
R28,152.45,-83.35,180.0,top
R29,144.43,-64.35,270.0,bottom
R3,148.6,-95.0,270.0,bottom
R30,145.0,-76.95,90.0,bottom
R31,147.03,-77.79,270.0,bottom
R32,143.25,-64.36,270.0,bottom
R33,138.95,-134.7,90.0,top
R34,136.3,-129.8,90.0,bottom
R35,137.5,-131.475,0.0,bottom
R36,142.1,-64.375,270.0,bottom
R37,139.075,-62.6,180.0,bottom
R38,144.5,-66.25,90.0,bottom
R39,143.55,-66.22,90.0,bottom
R4,136.635,-122.85,0.0,top
R40,142.61,-66.24,90.0,bottom
R41,141.0,-64.39,90.0,bottom
R42,148.68,-77.9,270.0,bottom
R43,134.75,-89.95,0.0,bottom
R44,139.0,-100.64,270.0,bottom
R45,138.75,-96.75,90.0,bottom
R46,137.45,-99.31,90.0,bottom
R47,142.1,-115.5,0.0,top
R48,145.06,-70.22,270.0,top
R49,144.78,-65.77,270.0,top
R5,136.29,-124.895,0.0,top
R50,136.95,-95.8,270.0,bottom
R51,134.8,-69.74,270.0,bottom
R52,137.55,-71.83,180.0,bottom
R53,139.475,-71.85,180.0,bottom
R54,140.975,-71.175,270.0,bottom
R55,143.95,-68.8,180.0,top
R56,143.91,-64.33,180.0,top
R57,141.0,-114.2,0.0,top
R58,154.225,-121.675,90.0,top
R59,152.3,-122.35,90.0,top
R6,144.225,-128.05,0.0,bottom
R60,153.25,-122.35,90.0,top
R61,148.7,-122.0,90.0,top
R62,150.1,-121.875,180.0,top
R63,144.62,-102.07,180.0,bottom
R65,138.35,-77.1,270.0,bottom
R7,144.7,-127.1,0.0,top
R75,134.14,-84.53,0.0,top
R76,137.15,-61.3,90.0,top
R77,153.25,-134.21,270.0,top
R78,137.64,-117.5,180.0,bottom
R79,137.75,-115.94,270.0,bottom
R8,136.19,-127.2,0.0,bottom
R80,138.7,-115.94,270.0,bottom
R9,136.79,-128.2,180.0,top
U1,143.75,-97.5,180.0,top
U10,137.85,-67.38,270.0,top
U11,147.1,-77.85,90.0,top
U12,151.475,-120.125,180.0,top
U14,144.8275,-115.68,180.0,top
U15,144.8325,-112.6825,0.0,top
U16,144.75,-115.65,0.0,bottom
U17,135.47,-76.34,90.0,bottom
U2,140.63,-125.5,0.0,top
U3,144.705,-67.5,270.0,top
U4,146.4,-65.6,270.0,bottom
U5,136.825,-134.05,180.0,bottom
U6,146.4,-67.25,270.0,bottom
U7,135.415,-76.11,270.0,top
U8,151.15,-125.2125,270.0,top
U9,137.97,-67.65,0.0,bottom
Y2,143.275,-70.65,270.0,bottom
Y3,135.75,-81.9,180.0,top
